Date,Open,High,Low,Close,Adj Close,Volume
11/02/2015,5.85,5.88,5.85,5.85,5.85,56794
12/02/2015,5.87,5.9,5.87,5.88,5.88,124265
13/02/2015,5.92,5.96,5.92,5.94,5.94,115137
16/02/2015,5.94,5.94,5.88,5.88,5.88,93152
17/02/2015,5.91,5.91,5.86,5.86,5.86,126605
18/02/2015,5.85,5.86,5.81,5.83,5.83,87084
19/02/2015,5.83,5.84,5.83,5.83,5.83,88419
20/02/2015,5.84,5.86,5.83,5.83,5.83,31884
23/02/2015,5.83,5.91,5.83,5.91,5.91,28633
24/02/2015,5.92,5.92,5.87,5.87,5.87,105344
25/02/2015,5.89,5.97,5.88,5.97,5.97,49585
26/02/2015,6,6.02,5.93,5.93,5.93,222031
27/02/2015,5.93,5.97,5.93,5.94,5.94,155246
02/03/2015,5.94,5.96,5.94,5.96,5.96,12000
03/03/2015,6,6,5.98,5.99,5.99,123237
04/03/2015,5.99,5.99,5.93,5.93,5.93,198437
05/03/2015,5.93,5.93,5.85,5.85,5.85,146125
06/03/2015,5.85,5.85,5.82,5.84,5.84,159961
09/03/2015,5.85,5.87,5.85,5.87,5.87,15749
10/03/2015,5.87,5.88,5.79,5.8,5.8,358981
11/03/2015,5.82,5.83,5.79,5.8,5.8,263933
12/03/2015,5.82,5.84,5.82,5.82,5.82,164851
13/03/2015,5.82,5.87,5.82,5.85,5.85,160208
16/03/2015,5.87,5.89,5.87,5.89,5.89,62337
17/03/2015,5.93,5.93,5.89,5.9,5.9,130735
18/03/2015,5.9,5.9,5.89,5.89,5.89,45574
19/03/2015,5.95,5.95,5.9,5.9,5.9,42267
20/03/2015,5.91,5.92,5.9,5.92,5.92,91228
23/03/2015,5.92,6,5.91,6,6,33849
24/03/2015,6,6,5.98,6,6,137431
25/03/2015,5.85,5.85,5.56,5.56,5.56,526045
26/03/2015,5.6,5.62,5.49,5.49,5.49,869232
27/03/2015,5.54,5.56,5.49,5.56,5.56,950359
30/03/2015,5.6,5.61,5.58,5.59,5.59,443057
31/03/2015,5.61,5.61,5.58,5.58,5.58,294744
01/04/2015,5.58,5.58,5.55,5.56,5.56,217376
02/04/2015,5.61,5.61,5.51,5.51,5.51,248703
07/04/2015,5.53,5.54,5.53,5.54,5.54,149480
08/04/2015,5.5,5.5,5.43,5.43,5.43,339166
09/04/2015,5.45,5.45,5.43,5.44,5.44,181231
10/04/2015,5.45,5.45,5.37,5.38,5.38,308323
13/04/2015,5.4,5.4,5.34,5.35,5.35,107265
14/04/2015,5.34,5.34,5.32,5.32,5.32,113560
15/04/2015,5.33,5.33,5.2,5.2,5.2,204090
16/04/2015,5.2,5.2,5.02,5.11,5.11,242684
17/04/2015,5.09,5.25,5.09,5.25,5.25,358222
20/04/2015,5.23,5.28,5.2,5.27,5.27,86647
21/04/2015,5.28,5.34,5.28,5.34,5.34,860228
22/04/2015,5.34,5.36,5.34,5.35,5.35,759386
23/04/2015,5.36,5.46,5.36,5.46,5.46,83945
24/04/2015,5.48,5.48,5.39,5.43,5.43,159310
28/04/2015,5.44,5.44,5.41,5.41,5.41,28849
29/04/2015,5.4,5.42,5.4,5.4,5.4,42998
30/04/2015,5.36,5.36,5.29,5.3,5.3,1678668
01/05/2015,5.3,5.33,5.3,5.3,5.3,325612
04/05/2015,5.26,5.27,5.25,5.25,5.25,49732
05/05/2015,5.28,5.28,5.25,5.25,5.25,23142
06/05/2015,5.25,5.3,5.25,5.3,5.3,31324
07/05/2015,5.3,5.3,5.21,5.21,5.21,79256
08/05/2015,5.24,5.24,5.19,5.19,5.19,221864
11/05/2015,5.2,5.2,5.13,5.13,5.13,132564
12/05/2015,5.12,5.15,5.08,5.1,5.1,217584
13/05/2015,5.1,5.1,5.03,5.03,5.03,194039
14/05/2015,5.04,5.04,4.99,5,5,415457
15/05/2015,5.01,5.01,4.95,4.95,4.95,256153
18/05/2015,4.98,4.98,4.92,4.92,4.92,314803
19/05/2015,4.91,4.92,4.87,4.87,4.87,346403
20/05/2015,4.88,4.88,4.83,4.84,4.84,247354
21/05/2015,4.85,4.88,4.84,4.87,4.87,199163
22/05/2015,4.94,4.96,4.91,4.95,4.95,174061
25/05/2015,4.97,4.97,4.95,4.96,4.96,174791
26/05/2015,4.96,4.97,4.95,4.95,4.95,330575
27/05/2015,5,5,4.93,4.93,4.93,214865
28/05/2015,4.92,4.92,4.87,4.87,4.87,744818
29/05/2015,4.87,4.87,4.82,4.83,4.83,621643
02/06/2015,4.84,4.88,4.83,4.85,4.85,390368
03/06/2015,4.84,4.84,4.8,4.8,4.8,214597
04/06/2015,4.8,4.8,4.77,4.78,4.78,475943
05/06/2015,4.77,4.8,4.75,4.76,4.76,372483
08/06/2015,4.75,4.75,4.72,4.72,4.72,849896
09/06/2015,4.71,4.73,4.71,4.71,4.71,328643
10/06/2015,4.72,4.72,4.69,4.7,4.7,446976
11/06/2015,4.7,4.7,4.67,4.69,4.69,503843
12/06/2015,4.69,4.69,4.65,4.65,4.65,219602
15/06/2015,4.65,4.66,4.64,4.64,4.64,494983
16/06/2015,4.62,4.64,4.6,4.6,4.6,483417
17/06/2015,4.6,4.61,4.59,4.6,4.6,864673
18/06/2015,4.61,4.68,4.61,4.68,4.68,532874
19/06/2015,4.69,4.89,4.69,4.88,4.88,915056
22/06/2015,4.93,5.1,4.92,4.97,4.97,475758
23/06/2015,5.02,5.03,4.9,4.9,4.9,485943
24/06/2015,4.93,4.93,4.9,4.92,4.92,251570
25/06/2015,4.93,4.93,4.9,4.9,4.9,146275
26/06/2015,4.93,4.94,4.92,4.92,4.92,299609
29/06/2015,4.92,4.92,4.85,4.88,4.88,167703
30/06/2015,4.87,4.87,4.8,4.8,4.8,275172
01/07/2015,4.8,4.85,4.8,4.84,4.84,167456
02/07/2015,4.84,4.9,4.84,4.88,4.88,179974
03/07/2015,4.89,4.93,4.88,4.88,4.88,164091
06/07/2015,4.88,4.88,4.83,4.83,4.83,277252
07/07/2015,4.84,4.84,4.82,4.83,4.83,219170
08/07/2015,4.84,4.84,4.8,4.8,4.8,241870
09/07/2015,4.81,4.81,4.73,4.74,4.74,494485
10/07/2015,4.72,4.76,4.72,4.75,4.75,143798
13/07/2015,4.76,4.77,4.74,4.74,4.74,133621
14/07/2015,4.74,4.76,4.74,4.76,4.76,115956
15/07/2015,4.76,4.78,4.75,4.75,4.75,162766
16/07/2015,4.75,4.75,4.69,4.7,4.7,443374
17/07/2015,4.71,4.74,4.71,4.72,4.72,106051
20/07/2015,4.71,4.72,4.7,4.7,4.7,164115
21/07/2015,4.7,4.7,4.65,4.65,4.65,334315
22/07/2015,4.65,4.68,4.65,4.66,4.66,72610
23/07/2015,4.69,4.69,4.64,4.64,4.64,353778
24/07/2015,4.63,4.63,4.62,4.62,4.62,170227
27/07/2015,4.62,4.62,4.6,4.62,4.62,347273
28/07/2015,4.63,4.64,4.61,4.64,4.64,82539
29/07/2015,4.64,4.65,4.62,4.63,4.63,214732
30/07/2015,4.62,4.69,4.62,4.65,4.65,144775
31/07/2015,4.66,4.7,4.66,4.69,4.69,182242
03/08/2015,4.68,4.8,4.68,4.8,4.8,347282
04/08/2015,4.8,4.8,4.69,4.71,4.71,170542
05/08/2015,4.7,4.7,4.63,4.65,4.65,213472
06/08/2015,4.68,4.7,4.65,4.65,4.65,228599
07/08/2015,4.67,4.99,4.65,4.99,4.99,511653
10/08/2015,5,5,4.93,4.93,4.93,506911
11/08/2015,4.95,4.95,4.87,4.87,4.87,81267
12/08/2015,4.87,4.87,4.82,4.87,4.87,71801
13/08/2015,4.82,4.83,4.8,4.8,4.8,123872
14/08/2015,4.81,4.87,4.81,4.85,4.85,90611
17/08/2015,4.87,4.87,4.85,4.86,4.86,113150
18/08/2015,4.87,4.92,4.87,4.91,4.91,178143
19/08/2015,4.95,4.99,4.94,4.99,4.99,278616
20/08/2015,4.99,4.99,4.98,4.98,4.98,412349
21/08/2015,4.99,4.99,4.95,4.99,4.99,331454
24/08/2015,4.95,4.97,4.86,4.86,4.86,224240
25/08/2015,4.86,4.86,4.8,4.8,4.8,283852
26/08/2015,4.85,4.85,4.76,4.76,4.76,217690
27/08/2015,4.8,4.81,4.78,4.78,4.78,182419
28/08/2015,4.85,4.85,4.8,4.85,4.85,53991
31/08/2015,4.85,4.85,4.83,4.83,4.83,194720
01/09/2015,4.85,4.89,4.84,4.89,4.89,140469
02/09/2015,4.89,4.9,4.87,4.9,4.9,135631
03/09/2015,4.9,4.9,4.84,4.84,4.84,198862
04/09/2015,4.87,4.87,4.82,4.85,4.85,176549
07/09/2015,4.86,4.89,4.86,4.87,4.87,106413
08/09/2015,4.9,4.91,4.87,4.87,4.87,268682
09/09/2015,4.9,4.9,4.88,4.88,4.88,321637
10/09/2015,4.9,4.93,4.88,4.89,4.89,306597
11/09/2015,4.9,4.94,4.9,4.91,4.91,269332
14/09/2015,4.91,4.91,4.9,4.9,4.9,245288
15/09/2015,4.92,4.96,4.9,4.94,4.94,414711
16/09/2015,4.95,5.01,4.95,4.99,4.99,600122
17/09/2015,5,5.02,5,5.01,5.01,257651
18/09/2015,5.03,5.1,5.03,5.1,5.1,703570
21/09/2015,5.1,5.2,5.1,5.18,5.18,537371
22/09/2015,5.22,5.24,5.2,5.22,5.22,398083
23/09/2015,5.23,5.25,5.22,5.25,5.25,501455
24/09/2015,5.32,5.5,5.32,5.48,5.48,1125987
25/09/2015,5.49,5.6,5.49,5.6,5.6,690077
28/09/2015,5.6,5.66,5.6,5.6,5.6,352697
29/09/2015,5.6,5.6,5.55,5.55,5.55,314208
30/09/2015,5.55,5.55,5.4,5.4,5.4,925364
01/10/2015,5.48,5.48,5.3,5.3,5.3,304899
02/10/2015,5.3,5.3,5.19,5.25,5.25,320626
05/10/2015,5.25,5.28,5.25,5.28,5.28,311519
06/10/2015,5.18,5.24,5.13,5.22,5.22,126009
07/10/2015,5.29,5.3,5.27,5.3,5.3,147155
08/10/2015,5.3,5.31,5.3,5.31,5.31,170632
09/10/2015,5.31,5.37,5.31,5.35,5.35,381310
12/10/2015,5.35,5.4,5.35,5.4,5.4,259309
13/10/2015,5.39,5.45,5.36,5.45,5.45,195454
14/10/2015,5.44,5.45,5.44,5.45,5.45,56801
15/10/2015,5.45,5.45,5.41,5.41,5.41,119241
16/10/2015,5.43,5.43,5.35,5.35,5.35,63406
19/10/2015,5.35,5.4,5.35,5.4,5.4,17838
20/10/2015,5.39,5.44,5.39,5.44,5.44,32221
21/10/2015,5.4,5.4,5.36,5.36,5.36,120597
22/10/2015,5.35,5.35,5.33,5.33,5.33,99506
23/10/2015,5.33,5.35,5.31,5.35,5.35,103302
27/10/2015,5.34,5.37,5.34,5.35,5.35,196788
28/10/2015,5.35,5.36,5.34,5.34,5.34,73301
29/10/2015,5.35,5.38,5.34,5.35,5.35,393297
30/10/2015,5.37,5.39,5.35,5.39,5.39,228425
02/11/2015,5.38,5.4,5.38,5.39,5.39,269642
03/11/2015,5.39,5.39,5.35,5.37,5.37,227853
04/11/2015,5.36,5.36,5.32,5.35,5.35,437798
05/11/2015,5.34,5.36,5.33,5.34,5.34,450371
06/11/2015,5.35,5.37,5.34,5.37,5.37,345361
09/11/2015,5.37,5.39,5.37,5.38,5.38,205731
10/11/2015,5.38,5.4,5.38,5.39,5.39,499004
11/11/2015,5.39,5.4,5.39,5.4,5.4,442023
12/11/2015,5.4,5.4,5.37,5.37,5.37,298547
13/11/2015,5.37,5.38,5.36,5.38,5.38,596156
16/11/2015,5.4,5.53,5.4,5.52,5.52,1626478
17/11/2015,5.52,5.54,5.52,5.53,5.53,998309
18/11/2015,5.51,5.52,5.47,5.47,5.47,892139
19/11/2015,5.45,5.45,5.4,5.43,5.43,767923
20/11/2015,5.41,5.41,5.35,5.35,5.35,891305
23/11/2015,5.35,5.42,5.35,5.42,5.42,731231
24/11/2015,5.41,5.45,5.4,5.4,5.4,533100
25/11/2015,5.4,5.43,5.4,5.4,5.4,878405
26/11/2015,5.42,5.46,5.41,5.45,5.45,1604961
27/11/2015,5.46,5.48,5.46,5.47,5.47,514362
30/11/2015,5.48,5.53,5.48,5.52,5.52,1670101
01/12/2015,5.52,5.54,5.51,5.51,5.51,653175
02/12/2015,5.51,5.62,5.51,5.6,5.6,474964
03/12/2015,5.61,5.72,5.61,5.72,5.72,277433
04/12/2015,5.74,5.77,5.73,5.77,5.77,159533
07/12/2015,5.78,5.91,5.78,5.87,5.87,220171
08/12/2015,5.88,5.88,5.75,5.76,5.76,153949
09/12/2015,5.76,5.76,5.69,5.75,5.75,297574
10/12/2015,5.74,5.75,5.73,5.75,5.75,237398
11/12/2015,5.75,5.75,5.72,5.72,5.72,116123
14/12/2015,5.72,5.79,5.69,5.79,5.79,144834
15/12/2015,5.77,5.77,5.74,5.76,5.76,289526
16/12/2015,5.77,5.8,5.77,5.8,5.8,80697
17/12/2015,5.81,5.85,5.81,5.82,5.82,862281
18/12/2015,5.82,5.85,5.81,5.85,5.85,252934
21/12/2015,5.85,6,5.85,6,6,503453
22/12/2015,6,6.02,5.95,6.02,6.02,433837
23/12/2015,6.03,6.04,5.97,6,6,255117
24/12/2015,6,6,5.98,5.99,5.99,88955
28/12/2015,6,6,5.98,5.99,5.99,88955
29/12/2015,6,6.01,5.97,6.01,6.01,125800
30/12/2015,6.02,6.05,5.97,5.97,5.97,481720
31/12/2015,6.02,6.02,6,6,6,2292
05/01/2016,6.02,6.1,6.01,6.1,6.1,620243
06/01/2016,6.1,6.1,6.06,6.07,6.07,734451
07/01/2016,6.07,6.1,6.07,6.07,6.07,564206
08/01/2016,6.07,6.08,6.05,6.06,6.06,440108
11/01/2016,6.05,6.05,6,6.05,6.05,220086
12/01/2016,6.05,6.05,6.01,6.01,6.01,164630
13/01/2016,6,6.03,6,6.03,6.03,137351
14/01/2016,5.98,5.98,5.94,5.95,5.95,138445
15/01/2016,5.95,5.95,5.93,5.93,5.93,64379
18/01/2016,5.93,5.93,5.77,5.8,5.8,109424
19/01/2016,5.79,5.82,5.79,5.82,5.82,143765
20/01/2016,5.87,5.93,5.85,5.92,5.92,1367847
21/01/2016,5.93,5.94,5.92,5.92,5.92,302648
22/01/2016,5.92,5.92,5.88,5.88,5.88,37610
25/01/2016,5.86,5.86,5.86,5.86,5.86,10000
26/01/2016,5.86,5.86,5.85,5.85,5.85,26732
27/01/2016,5.85,5.86,5.85,5.85,5.85,40296
28/01/2016,5.85,5.86,5.83,5.86,5.86,78093
29/01/2016,5.86,5.9,5.86,5.9,5.9,59602
01/02/2016,5.93,5.95,5.93,5.95,5.95,23823
02/02/2016,5.96,5.96,5.95,5.95,5.95,3080
03/02/2016,5.95,5.95,5.94,5.94,5.94,45010
04/02/2016,5.94,5.94,5.94,5.94,5.94,0
05/02/2016,5.9,5.91,5.9,5.9,5.9,26000
09/02/2016,5.9,5.9,5.87,5.88,5.88,95780
10/02/2016,5.86,5.87,5.78,5.78,5.78,130020
11/02/2016,5.75,5.75,5.66,5.67,5.67,65174
12/02/2016,5.64,5.64,5.5,5.51,5.51,102049
15/02/2016,5.5,5.56,5.5,5.54,5.54,45103
16/02/2016,5.57,5.57,5.5,5.51,5.51,90785
17/02/2016,5.51,5.52,5.49,5.5,5.5,116122
18/02/2016,5.52,5.55,5.52,5.53,5.53,156097
19/02/2016,5.55,5.61,5.54,5.59,5.59,89315
22/02/2016,5.6,5.65,5.6,5.63,5.63,27962
23/02/2016,5.67,5.67,5.63,5.65,5.65,88975
24/02/2016,5.65,5.7,5.64,5.7,5.7,83856
25/02/2016,5.75,5.76,5.73,5.75,5.75,60210
26/02/2016,5.77,5.82,5.77,5.82,5.82,86384
29/02/2016,5.83,5.95,5.83,5.95,5.95,59829
01/03/2016,5.95,5.97,5.94,5.95,5.95,64270
02/03/2016,5.95,5.96,5.93,5.96,5.96,259910
03/03/2016,5.95,5.95,5.95,5.95,5.95,45836
04/03/2016,5.88,5.9,5.88,5.9,5.9,15489
07/03/2016,5.86,5.86,5.86,5.86,5.86,23948
08/03/2016,5.9,5.96,5.9,5.9,5.9,241110
09/03/2016,5.85,5.86,5.73,5.73,5.73,340968
10/03/2016,5.72,5.72,5.7,5.7,5.7,50474
11/03/2016,5.62,5.62,5.6,5.62,5.62,63000
14/03/2016,5.61,5.75,5.61,5.75,5.75,94181
15/03/2016,5.8,5.85,5.8,5.83,5.83,82283
16/03/2016,5.85,5.88,5.8,5.88,5.88,96145
17/03/2016,5.89,5.89,5.86,5.89,5.89,58383
18/03/2016,5.88,5.9,5.87,5.9,5.9,248161
21/03/2016,5.9,5.9,5.86,5.86,5.86,168125
22/03/2016,5.88,5.92,5.87,5.92,5.92,133838
23/03/2016,5.94,5.95,5.9,5.9,5.9,184713
24/03/2016,5.9,5.91,5.9,5.91,5.91,71158
29/03/2016,5.9,5.91,5.9,5.91,5.91,91818
30/03/2016,5.93,5.94,5.92,5.92,5.92,81981
31/03/2016,5.93,5.95,5.92,5.94,5.94,122780
01/04/2016,5.94,5.97,5.94,5.94,5.94,57576
04/04/2016,5.94,5.94,5.85,5.92,5.92,130170
05/04/2016,5.9,5.9,5.87,5.88,5.88,118580
06/04/2016,5.92,5.92,5.86,5.86,5.86,49881
07/04/2016,5.67,5.7,5.67,5.68,5.68,30265
08/04/2016,5.68,5.69,5.66,5.69,5.69,58317
11/04/2016,5.66,5.68,5.65,5.65,5.65,79948
12/04/2016,5.65,5.65,5.64,5.65,5.65,44974
13/04/2016,5.66,5.69,5.66,5.67,5.67,32418
14/04/2016,5.66,5.72,5.66,5.72,5.72,291019
15/04/2016,5.73,5.74,5.73,5.73,5.73,26500
18/04/2016,5.71,5.75,5.71,5.75,5.75,106497
19/04/2016,5.72,5.74,5.69,5.69,5.69,169624
20/04/2016,5.74,5.75,5.74,5.75,5.75,19610
21/04/2016,5.75,5.81,5.75,5.81,5.81,229384
22/04/2016,5.81,5.94,5.81,5.94,5.94,278913
26/04/2016,5.92,5.92,5.8,5.8,5.8,182342
27/04/2016,5.78,5.87,5.78,5.86,5.86,67883
28/04/2016,5.86,5.86,5.83,5.83,5.83,15667
29/04/2016,5.82,5.82,5.81,5.81,5.81,7472
02/05/2016,5.78,5.82,5.78,5.81,5.81,31046
03/05/2016,5.82,5.82,5.8,5.81,5.81,86802
04/05/2016,5.8,5.81,5.8,5.8,5.8,20210
05/05/2016,5.8,5.82,5.79,5.82,5.82,40934
06/05/2016,5.82,5.84,5.82,5.82,5.82,51091
09/05/2016,5.81,5.81,5.8,5.8,5.8,29180
10/05/2016,5.8,5.82,5.79,5.82,5.82,64674
11/05/2016,5.81,5.82,5.8,5.81,5.81,106835
12/05/2016,5.8,5.8,5.78,5.78,5.78,176426
13/05/2016,5.78,5.79,5.74,5.74,5.74,105621
16/05/2016,5.75,5.77,5.74,5.75,5.75,88390
17/05/2016,5.77,5.8,5.77,5.8,5.8,118750
18/05/2016,5.8,5.8,5.78,5.78,5.78,55523
19/05/2016,5.78,5.78,5.77,5.77,5.77,17590
20/05/2016,5.79,5.8,5.78,5.79,5.79,234623
23/05/2016,5.77,5.79,5.75,5.75,5.75,51827
24/05/2016,5.75,5.76,5.74,5.76,5.76,43774
25/05/2016,5.76,5.76,5.7,5.7,5.7,151737
26/05/2016,5.7,5.7,5.66,5.7,5.7,218831
27/05/2016,5.65,5.72,5.59,5.72,5.72,158579
30/05/2016,5.7,5.7,5.67,5.69,5.69,135717
31/05/2016,5.69,5.85,5.69,5.85,5.85,261501
01/06/2016,5.79,5.79,5.75,5.75,5.75,25517
02/06/2016,5.72,5.72,5.72,5.72,5.72,36955
03/06/2016,5.7,5.7,5.69,5.7,5.7,38169
07/06/2016,5.64,5.65,5.5,5.57,5.57,1618584
08/06/2016,5.57,5.59,5.56,5.58,5.58,88326
09/06/2016,5.59,5.6,5.55,5.57,5.57,299868
10/06/2016,5.56,5.56,5.53,5.53,5.53,229106
13/06/2016,5.52,5.52,5.45,5.47,5.47,621178
14/06/2016,5.46,5.49,5.45,5.46,5.46,154170
15/06/2016,5.47,5.5,5.46,5.5,5.5,164960
16/06/2016,5.5,5.51,5.5,5.5,5.5,477140
17/06/2016,5.5,5.51,5.47,5.47,5.47,224363
20/06/2016,5.47,5.5,5.45,5.45,5.45,166755
21/06/2016,5.47,5.49,5.46,5.47,5.47,177046
22/06/2016,5.47,5.48,5.44,5.44,5.44,217776
23/06/2016,5.46,5.46,5.4,5.4,5.4,498756
24/06/2016,5.4,5.41,5.37,5.37,5.37,313964
27/06/2016,5.35,5.35,5.3,5.32,5.32,302090
28/06/2016,5.31,5.32,5.31,5.32,5.32,251199
29/06/2016,5.34,5.43,5.33,5.41,5.41,318659
30/06/2016,5.42,5.47,5.42,5.46,5.46,144747
01/07/2016,5.46,5.5,5.46,5.46,5.46,217780
04/07/2016,5.46,5.47,5.45,5.45,5.45,77302
05/07/2016,5.46,5.48,5.46,5.47,5.47,159476
06/07/2016,5.47,5.5,5.46,5.47,5.47,154364
07/07/2016,5.46,5.47,5.45,5.45,5.45,120251
08/07/2016,5.47,5.48,5.45,5.45,5.45,108801
11/07/2016,5.47,5.47,5.41,5.41,5.41,260654
12/07/2016,5.42,5.44,5.42,5.43,5.43,212727
13/07/2016,5.45,5.47,5.45,5.45,5.45,229736
14/07/2016,5.45,5.47,5.45,5.47,5.47,103920
15/07/2016,5.48,5.52,5.48,5.52,5.52,477247
18/07/2016,5.52,5.55,5.52,5.52,5.52,203534
19/07/2016,5.52,5.53,5.51,5.53,5.53,128374
20/07/2016,5.53,5.55,5.52,5.54,5.54,736048
21/07/2016,5.53,5.55,5.53,5.53,5.53,340260
22/07/2016,5.53,5.56,5.53,5.56,5.56,152693
25/07/2016,5.56,5.59,5.56,5.59,5.59,230150
26/07/2016,5.57,5.64,5.57,5.64,5.64,350980
27/07/2016,5.64,5.66,5.63,5.65,5.65,311042
28/07/2016,5.67,5.67,5.65,5.66,5.66,191120
29/07/2016,5.66,5.69,5.66,5.69,5.69,662459
01/08/2016,5.7,5.79,5.7,5.79,5.79,685417
02/08/2016,5.8,5.92,5.8,5.91,5.91,1707804
03/08/2016,5.91,5.93,5.9,5.93,5.93,757775
04/08/2016,5.92,5.95,5.92,5.94,5.94,613229
05/08/2016,5.93,5.94,5.92,5.92,5.92,337625
08/08/2016,5.9,5.91,5.88,5.88,5.88,377065
09/08/2016,5.85,5.88,5.85,5.85,5.85,534584
10/08/2016,5.86,5.86,5.77,5.77,5.77,236966
11/08/2016,5.74,5.75,5.7,5.75,5.75,316517
12/08/2016,5.73,5.84,5.73,5.84,5.84,140760
15/08/2016,5.85,5.85,5.79,5.84,5.84,309480
16/08/2016,5.84,5.85,5.83,5.83,5.83,427494
17/08/2016,5.84,5.85,5.83,5.84,5.84,516530
18/08/2016,5.84,5.9,5.84,5.9,5.9,590830
19/08/2016,5.9,5.93,5.89,5.91,5.91,750691
22/08/2016,5.92,5.94,5.92,5.92,5.92,441342
23/08/2016,5.92,5.92,5.9,5.9,5.9,271137
24/08/2016,5.91,5.91,5.9,5.9,5.9,230652
25/08/2016,5.9,5.94,5.9,5.94,5.94,184052
26/08/2016,5.92,5.93,5.92,5.93,5.93,179321
29/08/2016,5.9,5.92,5.89,5.89,5.89,148928
30/08/2016,5.89,5.94,5.89,5.92,5.92,693971
31/08/2016,5.86,5.88,5.83,5.83,5.83,53822
01/09/2016,5.82,5.82,5.74,5.74,5.74,59817
02/09/2016,5.79,5.82,5.77,5.81,5.81,172601
05/09/2016,5.77,5.8,5.77,5.8,5.8,166056
06/09/2016,5.81,5.83,5.81,5.82,5.82,68636
07/09/2016,5.83,5.84,5.82,5.82,5.82,359870
08/09/2016,5.83,5.85,5.82,5.83,5.83,49290
09/09/2016,5.85,5.87,5.83,5.83,5.83,185993
12/09/2016,5.85,5.85,5.79,5.79,5.79,139790
13/09/2016,5.79,5.82,5.79,5.82,5.82,184319
14/09/2016,5.8,5.82,5.8,5.82,5.82,172223
15/09/2016,5.83,5.85,5.83,5.85,5.85,127972
16/09/2016,5.85,5.88,5.85,5.85,5.85,291330
19/09/2016,5.86,5.86,5.84,5.85,5.85,160929
20/09/2016,5.85,5.87,5.84,5.87,5.87,230177
21/09/2016,5.87,5.92,5.87,5.92,5.92,567081
22/09/2016,5.92,5.94,5.9,5.9,5.9,482139
23/09/2016,5.9,5.93,5.9,5.93,5.93,371609
26/09/2016,5.93,5.95,5.92,5.92,5.92,462502
27/09/2016,5.92,5.95,5.9,5.95,5.95,526053
28/09/2016,5.94,5.96,5.91,5.95,5.95,707721
29/09/2016,5.95,5.95,5.94,5.94,5.94,109916
30/09/2016,5.94,5.94,5.93,5.94,5.94,187683
03/10/2016,5.94,5.95,5.93,5.95,5.95,247844
04/10/2016,5.94,5.95,5.94,5.95,5.95,96863
05/10/2016,5.95,5.95,5.94,5.94,5.94,731431
06/10/2016,5.95,5.96,5.94,5.95,5.95,1019185
07/10/2016,5.94,5.95,5.93,5.94,5.94,189998
10/10/2016,5.94,5.96,5.94,5.96,5.96,478099
11/10/2016,5.96,5.97,5.95,5.97,5.97,461945
12/10/2016,5.95,5.95,5.92,5.92,5.92,211930
13/10/2016,5.92,5.94,5.92,5.94,5.94,110020
14/10/2016,5.94,5.95,5.93,5.95,5.95,169542
17/10/2016,5.94,5.95,5.94,5.94,5.94,307579
18/10/2016,5.93,5.94,5.9,5.9,5.9,338468
19/10/2016,5.92,5.94,5.91,5.91,5.91,147564
20/10/2016,5.9,5.93,5.89,5.92,5.92,564995
21/10/2016,5.92,5.94,5.9,5.9,5.9,312208
25/10/2016,5.9,5.92,5.9,5.92,5.92,502534
26/10/2016,5.93,5.93,5.91,5.91,5.91,787162
27/10/2016,5.92,5.92,5.89,5.9,5.9,658574
28/10/2016,5.92,5.92,5.89,5.9,5.9,390562
31/10/2016,5.9,5.9,5.89,5.9,5.9,370352
01/11/2016,5.9,5.9,5.88,5.88,5.88,399708
02/11/2016,5.89,5.9,5.87,5.89,5.89,650566
03/11/2016,5.9,5.9,5.84,5.85,5.85,713013
04/11/2016,5.85,5.86,5.81,5.81,5.81,369817
07/11/2016,5.8,5.85,5.79,5.79,5.79,686040
08/11/2016,5.81,5.92,5.81,5.92,5.92,735086
09/11/2016,5.92,5.92,5.84,5.84,5.84,344354
10/11/2016,5.87,5.91,5.87,5.91,5.91,652626
11/11/2016,5.92,5.93,5.89,5.89,5.89,421803
14/11/2016,5.9,5.92,5.88,5.88,5.88,547615
15/11/2016,5.91,5.91,5.88,5.91,5.91,688922
16/11/2016,5.91,5.93,5.91,5.93,5.93,926310
17/11/2016,5.93,5.94,5.91,5.91,5.91,527070
18/11/2016,5.93,5.94,5.9,5.9,5.9,1000879
21/11/2016,5.89,5.9,5.87,5.88,5.88,1118424
22/11/2016,5.9,5.91,5.88,5.9,5.9,1082847
23/11/2016,5.91,5.91,5.89,5.89,5.89,633488
24/11/2016,5.91,5.91,5.89,5.91,5.91,1306879
25/11/2016,5.91,5.91,5.9,5.9,5.9,712989
28/11/2016,5.91,5.92,5.89,5.9,5.9,976101
29/11/2016,5.9,5.91,5.89,5.9,5.9,1144636
30/11/2016,5.91,5.94,5.91,5.93,5.93,963026
01/12/2016,5.93,5.93,5.9,5.9,5.9,630087
02/12/2016,5.91,5.92,5.9,5.9,5.9,279419
05/12/2016,5.9,5.94,5.9,5.94,5.94,711840
06/12/2016,5.95,5.95,5.93,5.95,5.95,365141
07/12/2016,5.95,5.95,5.93,5.93,5.93,399624
08/12/2016,5.93,5.94,5.92,5.93,5.93,471788
09/12/2016,5.93,5.93,5.91,5.93,5.93,212871
12/12/2016,5.92,5.94,5.92,5.94,5.94,323410
13/12/2016,5.94,5.95,5.94,5.95,5.95,289007
14/12/2016,5.95,5.96,5.94,5.94,5.94,477351
15/12/2016,5.93,5.94,5.92,5.92,5.92,153825
16/12/2016,5.92,5.94,5.92,5.94,5.94,248064
19/12/2016,5.95,5.96,5.95,5.95,5.95,368424
20/12/2016,5.95,5.96,5.95,5.96,5.96,321634
21/12/2016,5.96,5.97,5.96,5.97,5.97,601193
22/12/2016,5.97,6,5.97,6,6,986472
23/12/2016,6,6.01,5.97,6,6,455055
27/12/2016,6,6.01,5.97,6,6,455055
28/12/2016,6,6.01,5.98,5.98,5.98,262602
29/12/2016,6,6,5.98,5.98,5.98,242654
30/12/2016,5.99,6,5.98,6,6,86548
04/01/2017,6,6.02,6,6.02,6.02,257426
05/01/2017,6.02,6.04,6.02,6.03,6.03,349964
06/01/2017,6.03,6.06,6.03,6.06,6.06,190066
09/01/2017,6.07,6.1,6.07,6.1,6.1,347401
10/01/2017,6.1,6.11,6.09,6.11,6.11,693087
11/01/2017,6.11,6.15,6.1,6.15,6.15,586405
12/01/2017,6.15,6.29,6.15,6.2,6.2,499875
13/01/2017,6.21,6.22,6.19,6.19,6.19,313962
16/01/2017,6.17,6.19,6.17,6.19,6.19,30486
17/01/2017,6.18,6.21,6.17,6.21,6.21,132301
18/01/2017,6.22,6.24,6.22,6.24,6.24,164481
19/01/2017,6.24,6.25,6.24,6.25,6.25,15730
20/01/2017,6.25,6.27,6.24,6.26,6.26,1863996
23/01/2017,6.26,6.27,6.25,6.27,6.27,235803
24/01/2017,6.26,6.27,6.26,6.26,6.26,43780
25/01/2017,6.27,6.27,6.27,6.27,6.27,168501
26/01/2017,6.28,6.28,6.28,6.28,6.28,383867
27/01/2017,6.28,6.28,6.26,6.26,6.26,57643
30/01/2017,6.26,6.26,6.21,6.21,6.21,1259
31/01/2017,6.19,6.22,6.19,6.2,6.2,34923
01/02/2017,6.2,6.2,6.19,6.19,6.19,45112
02/02/2017,6.18,6.19,6.18,6.18,6.18,23584
03/02/2017,6.18,6.18,6.17,6.17,6.17,76660
07/02/2017,6.16,6.16,6.13,6.13,6.13,116181
08/02/2017,6.1,6.15,6.1,6.15,6.15,216734
09/02/2017,6.14,6.2,6.14,6.2,6.2,153738
10/02/2017,6.22,6.28,6.22,6.28,6.28,102694
13/02/2017,6.28,6.28,6.27,6.27,6.27,76150
14/02/2017,6.27,6.27,6.22,6.22,6.22,36470
15/02/2017,6.2,6.2,6.2,6.2,6.2,2546
16/02/2017,6.19,6.22,6.19,6.22,6.22,55160
17/02/2017,6.23,6.26,6.23,6.26,6.26,83290
20/02/2017,6.26,6.32,6.26,6.32,6.32,487311
21/02/2017,6.33,6.39,6.33,6.37,6.37,226928
22/02/2017,6.37,6.37,6.35,6.37,6.37,85614
23/02/2017,6.36,6.36,6.34,6.35,6.35,51814
24/02/2017,6.32,6.35,6.32,6.35,6.35,88407
27/02/2017,6.36,6.36,6.34,6.34,6.34,42000
28/02/2017,6.32,6.38,6.32,6.38,6.38,170797
01/03/2017,6.35,6.37,6.35,6.35,6.35,68948
02/03/2017,6.34,6.35,6.23,6.23,6.23,13710
03/03/2017,6.24,6.25,6.24,6.25,6.25,32614
06/03/2017,6.26,6.29,6.26,6.29,6.29,50524
07/03/2017,6.27,6.29,6.27,6.29,6.29,133419
08/03/2017,6.3,6.3,6.28,6.3,6.3,132955
09/03/2017,6.26,6.29,6.26,6.29,6.29,69066
10/03/2017,6.28,6.29,6.27,6.29,6.29,88445
13/03/2017,6.28,6.3,6.28,6.3,6.3,72817
14/03/2017,6.3,6.35,6.3,6.35,6.35,46417
15/03/2017,6.32,6.35,6.32,6.35,6.35,23102
16/03/2017,6.34,6.35,6.32,6.32,6.32,50311
17/03/2017,6.31,6.35,6.31,6.33,6.33,66043
20/03/2017,6.33,6.34,6.3,6.32,6.32,60865
21/03/2017,6.3,6.3,6.21,6.22,6.22,62384
22/03/2017,6.25,6.26,6.19,6.19,6.19,220838
23/03/2017,6.2,6.2,6.17,6.17,6.17,59241
24/03/2017,6.2,6.2,6.15,6.15,6.15,172812
27/03/2017,6.15,6.15,6.08,6.08,6.08,209266
28/03/2017,6.08,6.11,6.07,6.1,6.1,358721
29/03/2017,6.12,6.12,6.08,6.08,6.08,410020
30/03/2017,6.11,6.11,6.06,6.06,6.06,332984
31/03/2017,6.11,6.11,6.06,6.06,6.06,152153
03/04/2017,6.09,6.11,6.07,6.11,6.11,63935
04/04/2017,5.97,6.06,5.97,6.06,6.06,81810
05/04/2017,6.05,6.1,6.03,6.1,6.1,89589
06/04/2017,6.05,6.09,6.05,6.09,6.09,4328
07/04/2017,6.07,6.07,6.05,6.05,6.05,20005
10/04/2017,6.05,6.09,6.05,6.09,6.09,5100
11/04/2017,6.07,6.07,6.07,6.07,6.07,9226
12/04/2017,6.09,6.09,6.01,6.01,6.01,68253
13/04/2017,6.03,6.05,6.03,6.04,6.04,32106
18/04/2017,6,6.05,6,6.04,6.04,99470
19/04/2017,6.04,6.04,6.02,6.04,6.04,69008
20/04/2017,6.04,6.06,6.04,6.06,6.06,47712
21/04/2017,6.08,6.08,6.07,6.07,6.07,15265
24/04/2017,6.07,6.07,6.07,6.07,6.07,0
26/04/2017,6.04,6.07,6.02,6.02,6.02,106950
27/04/2017,6.04,6.04,5.98,5.98,5.98,122959
28/04/2017,6,6,5.98,5.98,5.98,26446
01/05/2017,5.98,5.99,5.94,5.94,5.94,70740
02/05/2017,5.93,5.94,5.9,5.9,5.9,136364
03/05/2017,5.93,5.96,5.93,5.95,5.95,37740
04/05/2017,5.93,5.94,5.9,5.9,5.9,74499
05/05/2017,5.91,5.92,5.9,5.9,5.9,128263
08/05/2017,5.9,5.9,5.89,5.9,5.9,133154
09/05/2017,5.9,5.9,5.89,5.89,5.89,28599
10/05/2017,5.9,6,5.9,6,6,88345
11/05/2017,6.01,6.03,6.01,6.01,6.01,171266
12/05/2017,6.01,6.03,6,6.03,6.03,74724
15/05/2017,6.03,6.03,6,6,6,51425
16/05/2017,6.02,6.02,6,6,6,52301
17/05/2017,5.99,6,5.99,6,6,38510
18/05/2017,6,6,5.96,6,6,63215
19/05/2017,6.01,6.02,6,6.02,6.02,30968
22/05/2017,6.01,6.02,6.01,6.02,6.02,68610
23/05/2017,6.01,6.1,6.01,6.1,6.1,132070
24/05/2017,6.12,6.12,6.08,6.1,6.1,19519
25/05/2017,6.1,6.1,6.09,6.1,6.1,87539
26/05/2017,6.05,6.05,6,6,6,29302
29/05/2017,6.05,6.06,6.05,6.06,6.06,18148
30/05/2017,6.06,6.06,6,6,6,130495
31/05/2017,6.02,6.03,6,6,6,62372
01/06/2017,6,6,5.99,5.99,5.99,96679
02/06/2017,6,6.02,6,6,6,57709
06/06/2017,6,6.02,5.98,5.98,5.98,169313
07/06/2017,5.96,5.97,5.9,5.9,5.9,658050
08/06/2017,5.9,5.96,5.89,5.96,5.96,581042
09/06/2017,5.95,5.99,5.95,5.97,5.97,156655
12/06/2017,5.97,5.98,5.95,5.95,5.95,178956
13/06/2017,5.95,5.97,5.9,5.91,5.91,778234
14/06/2017,5.91,5.93,5.9,5.9,5.9,484887
15/06/2017,5.91,5.96,5.91,5.96,5.96,326872
16/06/2017,5.96,5.97,5.95,5.97,5.97,180618
19/06/2017,5.95,5.97,5.95,5.96,5.96,35556
20/06/2017,5.95,5.97,5.93,5.93,5.93,319448
21/06/2017,5.94,5.94,5.92,5.94,5.94,329155
22/06/2017,5.94,5.95,5.94,5.95,5.95,133621
23/06/2017,5.94,5.96,5.94,5.94,5.94,571013
26/06/2017,5.95,5.96,5.94,5.96,5.96,662614
27/06/2017,5.96,5.99,5.96,5.99,5.99,305259
28/06/2017,5.97,6,5.96,5.99,5.99,352726
29/06/2017,5.98,6,5.98,6,6,226811
30/06/2017,6,6,5.98,6,6,428261
03/07/2017,5.99,6,5.98,5.98,5.98,200034
04/07/2017,5.98,5.98,5.96,5.96,5.96,253229
05/07/2017,5.98,5.98,5.97,5.97,5.97,65951
06/07/2017,5.98,5.98,5.96,5.97,5.97,122727
07/07/2017,5.96,5.97,5.96,5.97,5.97,157781
10/07/2017,5.97,5.99,5.97,5.99,5.99,127721
11/07/2017,5.99,5.99,5.98,5.99,5.99,45335
12/07/2017,6,6.01,5.98,5.98,5.98,589495
13/07/2017,5.99,5.99,5.97,5.97,5.97,150422
14/07/2017,5.97,5.98,5.97,5.98,5.98,108903
17/07/2017,5.97,5.98,5.97,5.98,5.98,233264
18/07/2017,5.99,5.99,5.98,5.99,5.99,159471
19/07/2017,5.98,6,5.98,6,6,319707
20/07/2017,5.98,6,5.97,6,6,327950
21/07/2017,5.99,6,5.98,5.98,5.98,437437
24/07/2017,6,6,5.99,6,6,109502
25/07/2017,5.99,5.99,5.98,5.99,5.99,283251
26/07/2017,5.98,6,5.98,6,6,667558
27/07/2017,6,6.04,6,6.03,6.03,833919
28/07/2017,6.04,6.07,6.04,6.05,6.05,517378
31/07/2017,6.06,6.08,6.05,6.05,6.05,307455
01/08/2017,6.08,6.08,6.06,6.07,6.07,197681
02/08/2017,6.08,6.1,6.08,6.09,6.09,414118
03/08/2017,6.1,6.11,6.1,6.1,6.1,452099
04/08/2017,6.1,6.12,6.1,6.11,6.11,345757
07/08/2017,6.12,6.15,6.12,6.14,6.14,664487
08/08/2017,6.15,6.2,6.15,6.2,6.2,354542
09/08/2017,6.2,6.25,6.2,6.25,6.25,594945
10/08/2017,6.27,6.3,6.25,6.25,6.25,303568
11/08/2017,6.24,6.25,6.2,6.25,6.25,519042
14/08/2017,6.24,6.25,6.23,6.25,6.25,448937
15/08/2017,6.25,6.25,6.22,6.23,6.23,149060
16/08/2017,6.23,6.26,6.23,6.25,6.25,383488
17/08/2017,6.25,6.26,6.24,6.25,6.25,620618
18/08/2017,6.25,6.25,6.24,6.24,6.24,247979
21/08/2017,6.23,6.25,6.23,6.23,6.23,69769
22/08/2017,6.25,6.25,6.23,6.25,6.25,353508
23/08/2017,6.25,6.25,6.23,6.24,6.24,192943
24/08/2017,6.24,6.24,6.23,6.23,6.23,31368
25/08/2017,6.24,6.24,6.22,6.22,6.22,301565
28/08/2017,6.22,6.24,6.22,6.24,6.24,284326
29/08/2017,6.24,6.24,6.23,6.23,6.23,146344
30/08/2017,6.24,6.24,6.21,6.21,6.21,133844
31/08/2017,6.22,6.23,6.21,6.21,6.21,33258
01/09/2017,6.21,6.22,6.19,6.19,6.19,197402
04/09/2017,6.18,6.2,6.18,6.18,6.18,124214
05/09/2017,6.18,6.18,6.12,6.12,6.12,201493
06/09/2017,6.12,6.15,6.1,6.15,6.15,305600
07/09/2017,6.15,6.15,6.13,6.13,6.13,87537
08/09/2017,6.14,6.16,6.13,6.13,6.13,122938
11/09/2017,6.14,6.16,6.13,6.14,6.14,321900
12/09/2017,6.14,6.16,6.14,6.15,6.15,164587
13/09/2017,6.16,6.16,6.13,6.13,6.13,67325
14/09/2017,6.12,6.14,6.12,6.14,6.14,45862
15/09/2017,6.14,6.14,6.12,6.13,6.13,73115
18/09/2017,6.12,6.13,6.1,6.1,6.1,336484
19/09/2017,6.12,6.12,6.1,6.1,6.1,236021
20/09/2017,6.12,6.12,6.1,6.11,6.11,375510
21/09/2017,6.13,6.13,6.09,6.11,6.11,499792
22/09/2017,6.11,6.13,6.09,6.12,6.12,496658
25/09/2017,6.14,6.15,6.13,6.15,6.15,110618
26/09/2017,6.2,6.22,6.2,6.21,6.21,257503
27/09/2017,6.23,6.25,6.22,6.23,6.23,307696
28/09/2017,6.23,6.24,6.22,6.22,6.22,231328
29/09/2017,6.23,6.24,6.22,6.24,6.24,177594
02/10/2017,6.23,6.24,6.23,6.23,6.23,141239
03/10/2017,6.24,6.24,6.24,6.24,6.24,359368
04/10/2017,6.24,6.24,6.23,6.24,6.24,313357
05/10/2017,6.24,6.25,6.24,6.25,6.25,552276
06/10/2017,6.15,6.15,6.06,6.1,6.1,204590
09/10/2017,6.1,6.12,6.1,6.11,6.11,340687
10/10/2017,6.11,6.13,6.1,6.13,6.13,403367
11/10/2017,6.13,6.15,6.13,6.14,6.14,273847
12/10/2017,6.15,6.16,6.14,6.15,6.15,241707
13/10/2017,6.15,6.17,6.15,6.17,6.17,159212
16/10/2017,6.17,6.22,6.17,6.2,6.2,422890
17/10/2017,6.2,6.24,6.2,6.23,6.23,350362
18/10/2017,6.24,6.24,6.18,6.18,6.18,186359
19/10/2017,6.19,6.22,6.19,6.2,6.2,638763
20/10/2017,6.18,6.18,6.12,6.17,6.17,354021
24/10/2017,6.18,6.22,6.16,6.21,6.21,301130
25/10/2017,6.21,6.24,6.21,6.23,6.23,396153
26/10/2017,6.23,6.26,6.22,6.26,6.26,685697
27/10/2017,6.26,6.29,6.23,6.29,6.29,1305706
30/10/2017,6.29,6.33,6.29,6.32,6.32,798422
31/10/2017,6.32,6.36,6.32,6.36,6.36,844434
01/11/2017,6.36,6.43,6.36,6.41,6.41,962836
02/11/2017,6.4,6.4,6.32,6.32,6.32,382173
03/11/2017,6.3,6.31,6.25,6.29,6.29,472053
06/11/2017,6.29,6.3,6.29,6.3,6.3,175737
07/11/2017,6.29,6.3,6.28,6.3,6.3,281783
08/11/2017,6.29,6.3,6.28,6.3,6.3,596534
09/11/2017,6.29,6.3,6.27,6.27,6.27,443638
10/11/2017,6.29,6.3,6.28,6.28,6.28,163771
13/11/2017,6.29,6.31,6.28,6.3,6.3,652279
14/11/2017,6.29,6.3,6.27,6.29,6.29,469080
15/11/2017,6.27,6.29,6.27,6.28,6.28,237748
16/11/2017,6.28,6.3,6.28,6.3,6.3,675769
17/11/2017,6.3,6.3,6.29,6.3,6.3,423230
20/11/2017,6.3,6.31,6.29,6.29,6.29,571478
21/11/2017,6.3,6.32,6.3,6.32,6.32,998129
22/11/2017,6.32,6.35,6.32,6.33,6.33,804334
23/11/2017,6.33,6.35,6.33,6.34,6.34,485418
24/11/2017,6.34,6.35,6.33,6.34,6.34,1023771
27/11/2017,6.34,6.35,6.33,6.35,6.35,994712
28/11/2017,6.35,6.36,6.34,6.36,6.36,1160575
29/11/2017,6.36,6.37,6.34,6.34,6.34,577395
30/11/2017,6.35,6.37,6.35,6.36,6.36,629362
01/12/2017,6.34,6.4,6.34,6.4,6.4,919404
04/12/2017,6.39,6.39,6.32,6.32,6.32,658604
05/12/2017,6.32,6.36,6.32,6.35,6.35,292635
06/12/2017,6.35,6.38,6.35,6.38,6.38,240306
07/12/2017,6.36,6.4,6.36,6.4,6.4,132599
08/12/2017,6.39,6.39,6.36,6.36,6.36,242283
11/12/2017,6.35,6.38,6.35,6.38,6.38,160810
12/12/2017,6.39,6.4,6.38,6.39,6.39,385103
13/12/2017,6.39,6.4,6.38,6.4,6.4,186994
14/12/2017,6.4,6.4,6.39,6.4,6.4,228825
15/12/2017,6.4,6.4,6.39,6.39,6.39,316598
18/12/2017,6.39,6.39,6.37,6.37,6.37,313276
19/12/2017,6.38,6.39,6.38,6.39,6.39,146451
20/12/2017,6.38,6.4,6.37,6.4,6.4,473608
21/12/2017,6.4,6.4,6.39,6.4,6.4,351427
22/12/2017,6.4,6.4,6.39,6.4,6.4,198503
27/12/2017,6.4,6.4,6.39,6.4,6.4,142643
28/12/2017,6.4,6.4,6.39,6.4,6.4,123666
29/12/2017,6.4,6.4,6.39,6.39,6.39,72281
03/01/2018,6.4,6.41,6.38,6.38,6.38,330413
04/01/2018,6.38,6.41,6.38,6.4,6.4,72000
05/01/2018,6.4,6.41,6.4,6.41,6.41,135363
08/01/2018,6.41,6.45,6.41,6.43,6.43,453610
09/01/2018,6.45,6.52,6.45,6.48,6.48,647299
10/01/2018,6.51,6.54,6.51,6.53,6.53,584424
11/01/2018,6.53,6.62,6.53,6.6,6.6,805463
12/01/2018,6.6,6.68,6.58,6.68,6.68,529699
15/01/2018,6.68,6.68,6.51,6.51,6.51,212891
16/01/2018,6.52,6.53,6.51,6.51,6.51,21460
17/01/2018,6.5,6.5,6.48,6.5,6.5,37680
18/01/2018,6.52,6.53,6.51,6.51,6.51,61420
19/01/2018,6.5,6.51,6.48,6.51,6.51,1436119
22/01/2018,6.5,6.51,6.48,6.48,6.48,52000
23/01/2018,6.46,6.46,6.44,6.46,6.46,72501
24/01/2018,6.44,6.46,6.44,6.46,6.46,1024444
25/01/2018,6.43,6.43,6.43,6.43,6.43,3693
26/01/2018,6.43,6.43,6.4,6.4,6.4,41678
29/01/2018,6.38,6.39,6.38,6.38,6.38,22131
30/01/2018,6.38,6.38,6.34,6.34,6.34,25393
31/01/2018,6.32,6.32,6.21,6.21,6.21,101892
01/02/2018,6.2,6.26,6.18,6.26,6.26,190178
02/02/2018,6.32,6.32,6.29,6.29,6.29,94308
05/02/2018,6.25,6.25,6.22,6.24,6.24,80027
07/02/2018,6.19,6.19,6.15,6.15,6.15,86058
08/02/2018,6.15,6.19,6.14,6.19,6.19,90736
09/02/2018,6.18,6.18,6.11,6.12,6.12,144948
12/02/2018,6.13,6.17,6.13,6.15,6.15,44982
13/02/2018,6.15,6.15,6.14,6.14,6.14,18287
14/02/2018,6.14,6.15,6.11,6.11,6.11,108647
15/02/2018,6.11,6.11,6.01,6.01,6.01,148583
16/02/2018,6,6,5.97,5.97,5.97,206243
19/02/2018,5.95,6.06,5.95,6,6,337609
20/02/2018,6,6.01,5.99,6,6,223406
21/02/2018,6.03,6.07,6.01,6.04,6.04,79876
22/02/2018,6.05,6.07,6.04,6.07,6.07,53830
23/02/2018,6.1,6.12,6.1,6.12,6.12,35949
26/02/2018,6.12,6.12,6.07,6.07,6.07,125983
27/02/2018,6.13,6.13,6.07,6.07,6.07,158935
28/02/2018,6.08,6.08,5.99,5.99,5.99,316075
01/03/2018,6,6,5.98,5.98,5.98,101141
02/03/2018,5.99,5.99,5.94,5.94,5.94,176724
05/03/2018,5.95,5.95,5.92,5.92,5.92,177430
06/03/2018,5.92,5.92,5.86,5.88,5.88,195846
07/03/2018,5.88,5.88,5.81,5.81,5.81,229161
08/03/2018,5.84,5.84,5.83,5.84,5.84,186943
09/03/2018,5.85,5.92,5.85,5.9,5.9,159360
12/03/2018,5.95,5.99,5.95,5.97,5.97,26569
13/03/2018,5.99,6,5.99,5.99,5.99,31682
14/03/2018,5.99,5.99,5.95,5.95,5.95,71515
15/03/2018,5.95,5.99,5.91,5.91,5.91,40498
16/03/2018,5.92,5.93,5.89,5.89,5.89,173057
20/03/2018,5.87,5.87,5.84,5.84,5.84,84904
21/03/2018,5.83,5.9,5.82,5.9,5.9,278845
22/03/2018,5.92,5.98,5.92,5.95,5.95,80637
23/03/2018,5.93,5.93,5.86,5.86,5.86,90700
26/03/2018,5.85,5.85,5.82,5.82,5.82,255923
27/03/2018,5.86,5.92,5.86,5.89,5.89,249344
28/03/2018,5.88,5.88,5.86,5.87,5.87,48037
29/03/2018,5.88,5.91,5.85,5.91,5.91,77522
03/04/2018,5.89,5.92,5.88,5.91,5.91,16611
04/04/2018,5.91,5.92,5.89,5.9,5.9,76028
05/04/2018,5.85,5.85,5.7,5.72,5.72,290958
06/04/2018,5.77,5.78,5.67,5.67,5.67,313188
09/04/2018,5.72,5.72,5.69,5.7,5.7,97801
10/04/2018,5.72,5.74,5.72,5.74,5.74,67516
11/04/2018,5.73,5.76,5.73,5.75,5.75,32444
12/04/2018,5.75,5.76,5.75,5.76,5.76,117748
13/04/2018,5.77,5.8,5.76,5.77,5.77,60537
16/04/2018,5.76,5.76,5.75,5.75,5.75,95423
17/04/2018,5.76,5.76,5.75,5.76,5.76,81901
18/04/2018,5.79,5.79,5.74,5.74,5.74,85126
19/04/2018,5.75,5.75,5.73,5.73,5.73,28607
20/04/2018,5.73,5.73,5.72,5.72,5.72,91078
23/04/2018,5.71,5.71,5.7,5.71,5.71,101818
24/04/2018,5.71,5.74,5.71,5.73,5.73,86228
26/04/2018,5.72,5.74,5.72,5.73,5.73,42858
27/04/2018,5.75,5.75,5.71,5.71,5.71,96897
30/04/2018,5.73,5.73,5.71,5.72,5.72,83765
01/05/2018,5.72,5.74,5.72,5.74,5.74,17375
02/05/2018,5.75,5.76,5.75,5.76,5.76,90085
03/05/2018,5.76,5.79,5.75,5.76,5.76,111477
04/05/2018,5.77,5.78,5.77,5.78,5.78,16488
07/05/2018,5.78,5.78,5.77,5.78,5.78,64681
08/05/2018,5.78,5.78,5.75,5.75,5.75,71942
09/05/2018,5.76,5.76,5.74,5.74,5.74,225912
10/05/2018,5.74,5.75,5.74,5.74,5.74,112628
11/05/2018,5.74,5.75,5.74,5.74,5.74,31100
14/05/2018,5.74,5.76,5.74,5.76,5.76,80389
15/05/2018,5.76,5.76,5.75,5.75,5.75,113315
16/05/2018,5.77,5.77,5.75,5.76,5.76,7415
17/05/2018,5.77,5.78,5.77,5.78,5.78,125529
18/05/2018,5.78,5.79,5.73,5.79,5.79,284123
21/05/2018,5.79,5.79,5.77,5.77,5.77,34300
22/05/2018,5.78,5.78,5.75,5.75,5.75,116502
23/05/2018,5.68,5.68,5.34,5.35,5.35,1603433
24/05/2018,5.4,5.54,5.35,5.35,5.35,1870679
25/05/2018,5.36,5.42,5.34,5.35,5.35,1316232
28/05/2018,5.38,5.38,5.22,5.22,5.22,758716
29/05/2018,5.24,5.24,5.22,5.22,5.22,599023
30/05/2018,5.21,5.21,5.14,5.14,5.14,783593
31/05/2018,5.22,5.22,5.15,5.17,5.17,244826
01/06/2018,5.21,5.23,5.2,5.22,5.22,408196
05/06/2018,5.24,5.27,5.2,5.2,5.2,548880
06/06/2018,5.2,5.21,5.16,5.16,5.16,725358
07/06/2018,5.16,5.17,5.15,5.15,5.15,990877
08/06/2018,5.17,5.17,5.14,5.15,5.15,613094
11/06/2018,5.15,5.18,5.15,5.17,5.17,625519
12/06/2018,5.16,5.17,5.14,5.15,5.15,838200
13/06/2018,5.15,5.15,5.09,5.09,5.09,1387350
14/06/2018,5.1,5.1,5.01,5.01,5.01,784618
15/06/2018,5.07,5.07,5.01,5.01,5.01,822620
18/06/2018,5.02,5.05,5.02,5.03,5.03,718887
19/06/2018,5.05,5.05,5.01,5.01,5.01,977895
20/06/2018,5.05,5.07,5.04,5.06,5.06,506421
21/06/2018,5.08,5.1,5.07,5.08,5.08,643260
22/06/2018,5.09,5.17,5.09,5.17,5.17,675505
25/06/2018,5.17,5.18,5.15,5.17,5.17,589224
26/06/2018,5.17,5.19,5.16,5.19,5.19,782902
27/06/2018,5.19,5.23,5.19,5.22,5.22,873443
28/06/2018,5.23,5.38,5.23,5.37,5.37,528185
29/06/2018,5.45,5.53,5.43,5.44,5.44,912176
02/07/2018,5.45,5.46,5.3,5.3,5.3,409223
03/07/2018,5.32,5.32,5.24,5.24,5.24,543014
04/07/2018,5.34,5.34,5.23,5.23,5.23,313791
05/07/2018,5.24,5.27,5.22,5.24,5.24,106404
06/07/2018,5.23,5.25,5.23,5.25,5.25,208076
09/07/2018,5.24,5.27,5.24,5.25,5.25,199483
10/07/2018,5.28,5.29,5.26,5.28,5.28,176413
11/07/2018,5.29,5.33,5.29,5.32,5.32,489443
12/07/2018,5.32,5.35,5.32,5.33,5.33,166769
13/07/2018,5.35,5.37,5.34,5.34,5.34,306971
16/07/2018,5.34,5.35,5.33,5.33,5.33,202775
17/07/2018,5.32,5.33,5.26,5.26,5.26,313218
18/07/2018,5.26,5.26,5.25,5.26,5.26,193031
19/07/2018,5.3,5.3,5.25,5.25,5.25,323266
20/07/2018,5.24,5.25,5.22,5.22,5.22,340588
23/07/2018,5.22,5.22,5.19,5.19,5.19,701835
24/07/2018,5.21,5.21,5.19,5.19,5.19,768316
25/07/2018,5.2,5.21,5.18,5.18,5.18,478220
26/07/2018,5.18,5.19,5.16,5.16,5.16,204991
27/07/2018,5.17,5.18,5.16,5.16,5.16,148211
30/07/2018,5.16,5.17,5.15,5.15,5.15,438772
31/07/2018,5.15,5.15,5.12,5.12,5.12,383643
01/08/2018,5.15,5.15,5.1,5.1,5.1,333957
02/08/2018,5.11,5.12,5.1,5.1,5.1,162077
03/08/2018,5.1,5.12,5.1,5.1,5.1,473295
06/08/2018,5.12,5.12,5.11,5.11,5.11,613704
07/08/2018,5.11,5.14,5.11,5.12,5.12,206702
08/08/2018,5.13,5.14,5.11,5.11,5.11,395667
09/08/2018,5.11,5.11,5.11,5.11,5.11,100953
10/08/2018,5.05,5.05,4.95,4.99,4.99,753057
13/08/2018,4.99,5.01,4.97,4.97,4.97,436146
14/08/2018,4.97,4.97,4.8,4.8,4.8,717993
15/08/2018,4.81,4.86,4.81,4.85,4.85,966006
16/08/2018,4.86,4.9,4.86,4.88,4.88,655236
17/08/2018,4.9,5,4.9,4.98,4.98,598944
20/08/2018,5,5.01,4.99,5,5,481109
21/08/2018,5,5.01,4.96,4.96,4.96,379487
22/08/2018,5,5,4.95,4.95,4.95,173430
23/08/2018,4.94,4.94,4.91,4.91,4.91,248043
24/08/2018,4.94,4.94,4.92,4.94,4.94,96077
27/08/2018,4.95,4.97,4.94,4.94,4.94,246449
28/08/2018,4.94,4.94,4.94,4.94,4.94,17329
29/08/2018,4.94,4.98,4.94,4.98,4.98,203221
30/08/2018,4.99,5.05,4.99,5.04,5.04,663800
31/08/2018,5.05,5.05,5.03,5.03,5.03,68244
03/09/2018,5.03,5.03,4.99,4.99,4.99,239223
04/09/2018,4.99,5.01,4.99,5.01,5.01,128232
05/09/2018,5,5,4.99,4.99,4.99,312264
06/09/2018,5,5,4.98,4.99,4.99,359866
07/09/2018,4.99,4.99,4.97,4.98,4.98,185078
10/09/2018,4.99,5.01,4.99,5.01,5.01,148727
11/09/2018,5.01,5.02,5.01,5.02,5.02,143973
12/09/2018,5.02,5.03,4.97,4.97,4.97,190854
13/09/2018,4.96,5.01,4.93,5.01,5.01,489492
14/09/2018,5,5,4.97,4.99,4.99,174393
17/09/2018,4.99,4.99,4.95,4.98,4.98,83385
18/09/2018,4.98,4.99,4.97,4.97,4.97,162733
19/09/2018,4.98,4.98,4.96,4.97,4.97,110477
20/09/2018,4.96,4.97,4.96,4.96,4.96,132100
21/09/2018,4.96,4.96,4.93,4.93,4.93,272584
24/09/2018,4.94,4.94,4.92,4.92,4.92,150109
25/09/2018,4.92,4.94,4.92,4.93,4.93,168661
26/09/2018,4.92,4.93,4.92,4.92,4.92,54111
27/09/2018,4.93,4.94,4.91,4.91,4.91,314313
28/09/2018,4.91,4.92,4.9,4.9,4.9,375219
01/10/2018,4.9,4.9,4.88,4.88,4.88,374301
02/10/2018,4.89,4.89,4.84,4.85,4.85,310159
03/10/2018,4.85,4.86,4.81,4.81,4.81,439892
04/10/2018,4.82,4.84,4.8,4.8,4.8,384568
05/10/2018,4.82,4.82,4.79,4.79,4.79,413687
08/10/2018,4.79,4.8,4.75,4.75,4.75,259209
09/10/2018,4.76,4.77,4.7,4.7,4.7,353876
10/10/2018,4.73,4.73,4.61,4.63,4.63,426315
11/10/2018,4.62,4.62,4.5,4.56,4.56,355556
12/10/2018,4.57,4.61,4.55,4.55,4.55,466729
15/10/2018,4.6,4.6,4.55,4.57,4.57,570787
16/10/2018,4.59,4.63,4.59,4.63,4.63,308038
17/10/2018,4.65,4.69,4.65,4.68,4.68,252637
18/10/2018,4.7,4.8,4.7,4.8,4.8,401249
19/10/2018,4.85,4.92,4.85,4.92,4.92,274520
23/10/2018,4.95,5.01,4.95,4.96,4.96,527101
24/10/2018,4.97,4.97,4.9,4.92,4.92,281679
25/10/2018,4.86,4.88,4.82,4.82,4.82,339376
26/10/2018,4.86,4.87,4.84,4.84,4.84,205597
29/10/2018,4.86,4.9,4.85,4.9,4.9,405027
30/10/2018,4.89,4.91,4.87,4.87,4.87,159172
31/10/2018,4.9,4.91,4.87,4.87,4.87,181370
01/11/2018,4.87,4.88,4.86,4.87,4.87,268260
02/11/2018,4.87,4.89,4.87,4.88,4.88,477562
05/11/2018,4.89,4.89,4.87,4.87,4.87,505122
06/11/2018,4.89,4.89,4.87,4.87,4.87,174287
07/11/2018,4.87,4.89,4.86,4.86,4.86,277364
08/11/2018,4.87,4.89,4.84,4.86,4.86,346717
09/11/2018,4.87,4.88,4.84,4.84,4.84,479666
12/11/2018,4.84,4.84,4.81,4.81,4.81,132645
13/11/2018,4.81,4.83,4.81,4.82,4.82,333030
14/11/2018,4.82,4.85,4.82,4.85,4.85,722625
15/11/2018,4.85,4.86,4.84,4.85,4.85,154413
16/11/2018,4.84,4.85,4.84,4.84,4.84,946063
19/11/2018,4.84,4.85,4.84,4.85,4.85,1102625
20/11/2018,4.83,4.84,4.81,4.81,4.81,902640
21/11/2018,4.82,4.82,4.8,4.81,4.81,811985
22/11/2018,4.81,4.82,4.79,4.8,4.8,1396765
23/11/2018,4.78,4.79,4.76,4.77,4.77,585585
26/11/2018,4.75,4.75,4.64,4.64,4.64,865274
27/11/2018,4.64,4.67,4.63,4.66,4.66,1244373
28/11/2018,4.68,4.75,4.68,4.75,4.75,1059607
29/11/2018,4.75,4.75,4.72,4.72,4.72,926217
30/11/2018,4.72,4.73,4.7,4.7,4.7,1404611
03/12/2018,4.72,4.72,4.7,4.72,4.72,454724
04/12/2018,4.72,4.73,4.71,4.71,4.71,362293
05/12/2018,4.7,4.71,4.68,4.71,4.71,752880
06/12/2018,4.72,4.72,4.68,4.68,4.68,299524
07/12/2018,4.69,4.7,4.67,4.7,4.7,133071
10/12/2018,4.68,4.69,4.67,4.67,4.67,186345
11/12/2018,4.67,4.69,4.66,4.67,4.67,229152
12/12/2018,4.65,4.67,4.6,4.6,4.6,386417
13/12/2018,4.6,4.65,4.6,4.64,4.64,420951
14/12/2018,4.63,4.64,4.61,4.61,4.61,284771
17/12/2018,4.61,4.62,4.6,4.6,4.6,290448
18/12/2018,4.62,4.62,4.55,4.55,4.55,176057
19/12/2018,4.57,4.58,4.55,4.55,4.55,152330
20/12/2018,4.54,4.55,4.5,4.51,4.51,428094
21/12/2018,4.53,4.57,4.52,4.57,4.57,751105
24/12/2018,4.57,4.58,4.56,4.58,4.58,232829
27/12/2018,4.58,4.63,4.58,4.62,4.62,141149
28/12/2018,4.62,4.65,4.62,4.64,4.64,166544
31/12/2018,4.65,4.67,4.64,4.67,4.67,96268
03/01/2019,4.67,4.67,4.62,4.64,4.64,268453
04/01/2019,4.64,4.66,4.61,4.66,4.66,215951
07/01/2019,4.66,4.68,4.65,4.66,4.66,709832
08/01/2019,4.67,4.71,4.67,4.71,4.71,734716
09/01/2019,4.71,4.78,4.71,4.78,4.78,507879
10/01/2019,4.8,4.85,4.8,4.83,4.83,460567
11/01/2019,4.8,4.8,4.71,4.71,4.71,282634
14/01/2019,4.7,4.7,4.7,4.7,4.7,64121
15/01/2019,4.68,4.7,4.68,4.7,4.7,151593
16/01/2019,4.7,4.71,4.7,4.71,4.71,95019
17/01/2019,4.72,4.72,4.68,4.69,4.69,1503857
18/01/2019,4.68,4.68,4.68,4.68,4.68,66361
21/01/2019,4.68,4.71,4.68,4.71,4.71,303054
22/01/2019,4.71,4.71,4.71,4.71,4.71,100278
23/01/2019,4.7,4.72,4.7,4.72,4.72,162772
24/01/2019,4.72,4.73,4.72,4.73,4.73,345395
25/01/2019,4.73,4.77,4.73,4.77,4.77,230845
28/01/2019,4.8,4.85,4.8,4.85,4.85,23583
29/01/2019,4.84,4.85,4.83,4.83,4.83,89836
30/01/2019,4.8,4.8,4.74,4.74,4.74,124709
31/01/2019,4.75,4.75,4.74,4.74,4.74,25000
01/02/2019,4.74,4.76,4.74,4.75,4.75,53153
04/02/2019,4.76,4.76,4.74,4.74,4.74,49524
05/02/2019,4.73,4.73,4.73,4.73,4.73,30221
07/02/2019,4.72,4.72,4.69,4.69,4.69,58724
08/02/2019,4.69,4.69,4.68,4.69,4.69,75653
11/02/2019,4.7,4.7,4.68,4.68,4.68,30560
12/02/2019,4.69,4.69,4.69,4.69,4.69,2033
13/02/2019,4.73,4.75,4.71,4.71,4.71,132628
14/02/2019,4.72,4.72,4.67,4.67,4.67,57381
15/02/2019,4.67,4.67,4.65,4.65,4.65,75523
18/02/2019,4.65,4.65,4.61,4.61,4.61,60554
19/02/2019,4.61,4.64,4.61,4.64,4.64,14310
20/02/2019,4.62,4.64,4.62,4.63,4.63,54917
21/02/2019,4.6,4.6,4.58,4.58,4.58,138189
22/02/2019,4.58,4.6,4.58,4.59,4.59,86075
25/02/2019,4.59,4.59,4.54,4.54,4.54,91983
26/02/2019,4.55,4.55,4.53,4.53,4.53,104374
27/02/2019,4.53,4.53,4.51,4.51,4.51,177501
28/02/2019,4.5,4.5,4.2,4.2,4.2,366412
01/03/2019,4.21,4.29,4.2,4.2,4.2,420884
04/03/2019,4.24,4.31,4.24,4.25,4.25,201415
05/03/2019,4.29,4.3,4.27,4.3,4.3,128641
06/03/2019,4.35,4.41,4.35,4.41,4.41,92499
07/03/2019,4.43,4.53,4.43,4.53,4.53,285538
08/03/2019,4.51,4.59,4.5,4.5,4.5,339814
11/03/2019,4.5,4.5,4.43,4.43,4.43,36591
12/03/2019,4.42,4.42,4.35,4.36,4.36,34170
13/03/2019,4.36,4.38,4.36,4.38,4.38,52810
14/03/2019,4.39,4.4,4.37,4.37,4.37,101997
15/03/2019,4.37,4.38,4.29,4.29,4.29,226290
18/03/2019,4.33,4.35,4.33,4.35,4.35,86219
19/03/2019,4.37,4.38,4.36,4.38,4.38,24545
20/03/2019,4.37,4.37,4.27,4.27,4.27,482463
21/03/2019,4.28,4.28,4.2,4.2,4.2,315613
22/03/2019,4.26,4.27,4.23,4.23,4.23,73036
25/03/2019,4.25,4.26,4.22,4.22,4.22,171482
26/03/2019,4.22,4.24,4.22,4.22,4.22,111892
27/03/2019,4.23,4.24,4.22,4.23,4.23,114607
28/03/2019,4.22,4.24,4.22,4.23,4.23,21278
29/03/2019,4.24,4.26,4.24,4.25,4.25,100500
01/04/2019,4.27,4.32,4.27,4.32,4.32,114515
02/04/2019,4.38,4.44,4.37,4.44,4.44,51197
03/04/2019,4.48,4.48,4.35,4.35,4.35,170985
04/04/2019,4.36,4.36,4.34,4.35,4.35,114679
05/04/2019,4.34,4.34,4.33,4.34,4.34,45018
08/04/2019,4.33,4.33,4.32,4.32,4.32,56159
09/04/2019,4.33,4.34,4.32,4.33,4.33,36701
10/04/2019,4.34,4.34,4.3,4.3,4.3,80271
11/04/2019,4.31,4.31,4.27,4.28,4.28,101065
12/04/2019,4.27,4.27,4.25,4.27,4.27,95043
15/04/2019,4.27,4.27,4.26,4.26,4.26,92439
16/04/2019,4.27,4.27,4.26,4.26,4.26,38939
17/04/2019,4.28,4.31,4.27,4.3,4.3,106920
18/04/2019,4.32,4.33,4.32,4.33,4.33,53237
23/04/2019,4.33,4.33,4.32,4.32,4.32,11206
24/04/2019,4.32,4.32,4.31,4.32,4.32,14023
26/04/2019,4.33,4.33,4.27,4.27,4.27,75699
29/04/2019,4.29,4.29,4.27,4.27,4.27,68998
30/04/2019,4.27,4.27,4.27,4.27,4.27,39664
01/05/2019,4.27,4.28,4.26,4.26,4.26,98014
02/05/2019,4.27,4.29,4.27,4.29,4.29,68166
03/05/2019,4.3,4.3,4.29,4.29,4.29,98521
06/05/2019,4.29,4.29,4.25,4.25,4.25,99423
07/05/2019,4.26,4.28,4.26,4.28,4.28,61179
08/05/2019,4.26,4.27,4.26,4.27,4.27,65991
09/05/2019,4.28,4.3,4.28,4.29,4.29,188747
10/05/2019,4.3,4.3,4.28,4.28,4.28,30649
13/05/2019,4.28,4.32,4.28,4.3,4.3,31431
14/05/2019,4.26,4.26,4.25,4.25,4.25,172282
15/05/2019,4.25,4.26,4.23,4.23,4.23,157345
16/05/2019,4.25,4.25,4.24,4.25,4.25,86471
17/05/2019,4.25,4.25,4.24,4.24,4.24,138496
20/05/2019,4.24,4.24,4.2,4.21,4.21,164739
21/05/2019,4.21,4.22,4.21,4.22,4.22,59552
22/05/2019,4.23,4.23,4.21,4.21,4.21,58754
23/05/2019,4.21,4.22,4.2,4.22,4.22,41568
24/05/2019,4.22,4.22,4.2,4.2,4.2,244277
27/05/2019,4.21,4.22,4.21,4.21,4.21,190900
28/05/2019,4.22,4.22,4.19,4.19,4.19,86039
29/05/2019,4.19,4.19,4.05,4.05,4.05,161412
30/05/2019,4.04,4.04,3.95,3.95,3.95,437841
31/05/2019,3.95,4,3.95,4,4,333976
04/06/2019,4,4.01,3.99,3.99,3.99,217051
05/06/2019,4,4.02,4,4.01,4.01,213210
06/06/2019,4,4.02,4,4,4,213269
07/06/2019,4,4,3.98,3.99,3.99,390875
10/06/2019,4,4,3.97,3.97,3.97,412665
11/06/2019,3.98,3.98,3.93,3.94,3.94,242832
12/06/2019,3.95,3.95,3.92,3.92,3.92,264047
13/06/2019,3.95,3.95,3.89,3.89,3.89,602859
14/06/2019,3.9,3.92,3.9,3.9,3.9,270162
17/06/2019,3.9,3.93,3.9,3.93,3.93,100397
18/06/2019,3.93,3.94,3.91,3.91,3.91,290256
19/06/2019,3.92,3.92,3.9,3.9,3.9,313724
20/06/2019,3.91,3.91,3.9,3.9,3.9,36807
21/06/2019,3.9,3.91,3.9,3.91,3.91,370584
24/06/2019,3.91,3.92,3.91,3.92,3.92,113273
25/06/2019,3.91,3.91,3.9,3.9,3.9,216577
26/06/2019,3.92,3.92,3.89,3.89,3.89,370746
27/06/2019,3.88,3.88,3.84,3.84,3.84,274462
28/06/2019,3.84,3.88,3.84,3.85,3.85,206218
01/07/2019,3.86,3.86,3.82,3.82,3.82,158843
02/07/2019,3.82,3.82,3.77,3.77,3.77,473194
03/07/2019,3.78,3.78,3.75,3.75,3.75,185024
04/07/2019,3.73,3.73,3.45,3.51,3.51,528520
05/07/2019,3.62,3.73,3.6,3.69,3.69,641286
08/07/2019,3.7,3.73,3.69,3.73,3.73,260999
09/07/2019,3.75,3.8,3.73,3.8,3.8,344777
10/07/2019,3.85,3.92,3.84,3.9,3.9,359676
11/07/2019,3.93,3.99,3.9,3.95,3.95,313716
12/07/2019,3.96,4,3.92,3.92,3.92,265694
15/07/2019,3.89,3.92,3.84,3.84,3.84,132825
16/07/2019,3.84,3.9,3.82,3.9,3.9,132137
17/07/2019,3.91,3.93,3.91,3.93,3.93,719996
18/07/2019,3.93,3.93,3.84,3.86,3.86,25596
19/07/2019,3.84,3.85,3.83,3.83,3.83,214850
22/07/2019,3.83,3.83,3.81,3.81,3.81,266990
23/07/2019,3.82,3.84,3.81,3.83,3.83,142857
24/07/2019,3.84,3.84,3.82,3.82,3.82,22064
25/07/2019,3.83,3.83,3.79,3.79,3.79,417820
26/07/2019,3.81,3.82,3.79,3.79,3.79,161750
29/07/2019,3.81,3.81,3.77,3.77,3.77,146249
30/07/2019,3.79,3.79,3.76,3.76,3.76,134872
31/07/2019,3.77,3.77,3.76,3.76,3.76,173898
01/08/2019,3.76,3.77,3.76,3.77,3.77,391912
02/08/2019,3.75,3.78,3.75,3.75,3.75,237967
05/08/2019,3.75,3.75,3.74,3.74,3.74,128842
06/08/2019,3.73,3.74,3.72,3.74,3.74,98057
07/08/2019,3.74,3.79,3.74,3.79,3.79,250602
08/08/2019,3.79,3.79,3.75,3.75,3.75,68001
09/08/2019,3.76,3.76,3.76,3.76,3.76,5100
12/08/2019,3.73,3.73,3.56,3.57,3.57,647485
13/08/2019,3.56,3.63,3.56,3.59,3.59,363150
14/08/2019,3.59,3.59,3.53,3.53,3.53,622575
15/08/2019,3.51,3.51,3.49,3.5,3.5,203628
16/08/2019,3.51,3.56,3.51,3.54,3.54,92745
19/08/2019,3.54,3.54,3.5,3.5,3.5,248398
20/08/2019,3.5,3.52,3.45,3.45,3.45,188756
21/08/2019,3.45,3.47,3.43,3.44,3.44,146092
22/08/2019,3.45,3.45,3.41,3.43,3.43,206182
23/08/2019,3.41,3.41,3.35,3.35,3.35,320776
26/08/2019,3.32,3.32,3.22,3.23,3.23,251119
27/08/2019,3.23,3.23,3.15,3.17,3.17,206504
28/08/2019,3.17,3.18,3.16,3.17,3.17,315065
29/08/2019,3.2,3.25,3.19,3.24,3.24,192540
30/08/2019,3.27,3.37,3.27,3.33,3.33,125533
02/09/2019,3.31,3.34,3.31,3.33,3.33,206446
03/09/2019,3.33,3.35,3.3,3.3,3.3,193368
04/09/2019,3.29,3.29,3.25,3.26,3.26,58873
05/09/2019,3.26,3.26,3.23,3.23,3.23,152881
06/09/2019,3.21,3.23,3.18,3.19,3.19,78855
09/09/2019,3.18,3.26,3.18,3.26,3.26,37114
10/09/2019,3.3,3.32,3.3,3.32,3.32,13012
11/09/2019,3.28,3.28,3.22,3.22,3.22,218268
12/09/2019,3.24,3.24,3.18,3.18,3.18,174949
13/09/2019,3.19,3.19,3.16,3.18,3.18,88924
16/09/2019,3.18,3.2,3.18,3.18,3.18,38433
17/09/2019,3.2,3.2,3.2,3.2,3.2,171591
18/09/2019,3.23,3.23,3.2,3.2,3.2,159076
19/09/2019,3.19,3.19,3.18,3.18,3.18,30423
20/09/2019,3.18,3.18,3.16,3.17,3.17,204108
23/09/2019,3.17,3.19,3.16,3.19,3.19,151930
24/09/2019,3.18,3.21,3.18,3.21,3.21,183418
25/09/2019,3.23,3.25,3.22,3.22,3.22,275218
26/09/2019,3.24,3.5,3.24,3.5,3.5,293153
27/09/2019,3.54,3.59,3.46,3.5,3.5,662396
30/09/2019,3.5,3.5,3.48,3.5,3.5,161505
01/10/2019,3.48,3.5,3.48,3.5,3.5,222911
02/10/2019,3.5,3.58,3.49,3.56,3.56,71404
03/10/2019,3.57,3.69,3.57,3.66,3.66,347177
04/10/2019,3.69,3.8,3.69,3.78,3.78,539079
07/10/2019,3.8,4.03,3.8,4,4,435575
08/10/2019,4.05,4.18,4.05,4.05,4.05,406883
09/10/2019,4.05,4.05,3.91,3.94,3.94,352401
10/10/2019,3.98,4,3.93,3.95,3.95,289480
11/10/2019,3.97,4,3.93,3.99,3.99,45027
14/10/2019,4,4.03,4,4.03,4.03,169759
15/10/2019,4.02,4.03,4.01,4.01,4.01,179203
16/10/2019,4.02,4.03,4.02,4.02,4.02,325292
17/10/2019,4.03,4.04,4.02,4.04,4.04,146207
18/10/2019,4.04,4.05,4.02,4.02,4.02,221115
21/10/2019,4.02,4.02,4,4,4,168587
22/10/2019,3.99,4.05,3.99,4.05,4.05,225355
23/10/2019,4.04,4.05,4.01,4.04,4.04,178830
24/10/2019,4.04,4.1,4.04,4.1,4.1,271075
25/10/2019,4.1,4.16,4.1,4.16,4.16,117099
29/10/2019,4.17,4.3,4.17,4.27,4.27,297702
30/10/2019,4.3,4.3,4.25,4.25,4.25,236635
31/10/2019,4.24,4.24,4.16,4.16,4.16,142914
01/11/2019,4.17,4.17,4.1,4.1,4.1,252877
04/11/2019,4.14,4.15,4.1,4.1,4.1,118301
05/11/2019,4.1,4.1,4.05,4.05,4.05,67524
06/11/2019,4.15,4.2,4.12,4.19,4.19,187748
07/11/2019,4.17,4.2,4.17,4.2,4.2,144466
08/11/2019,4.2,4.2,4.19,4.19,4.19,14045
11/11/2019,4.19,4.2,4.15,4.16,4.16,172970
12/11/2019,4.15,4.16,4.05,4.05,4.05,69400
13/11/2019,4.06,4.06,4.01,4.01,4.01,188073
14/11/2019,4.01,4.03,4,4,4,202952
15/11/2019,4,4.03,4,4.01,4.01,90988
18/11/2019,4.04,4.04,4.01,4.01,4.01,26617
19/11/2019,4.04,4.04,4.01,4.01,4.01,60765
20/11/2019,4.02,4.02,4,4,4,315971
21/11/2019,4.01,4.01,4,4,4,116820
22/11/2019,4.02,4.04,4,4,4,221999
25/11/2019,4.01,4.01,3.99,4,4,123344
26/11/2019,4,4.01,3.99,3.99,3.99,163106
27/11/2019,4,4,3.99,3.99,3.99,61999
28/11/2019,4,4.05,4,4,4,481223
29/11/2019,4,4.04,4,4.02,4.02,203175
02/12/2019,4,4.03,4,4.03,4.03,75527
03/12/2019,4.01,4.01,4,4,4,75883
04/12/2019,4,4.02,4,4,4,73091
05/12/2019,4.04,4.08,4.02,4.06,4.06,138147
06/12/2019,4.08,4.1,4.08,4.1,4.1,202387
09/12/2019,4.1,4.12,4.07,4.07,4.07,106534
10/12/2019,4.08,4.09,4.05,4.08,4.08,142490
11/12/2019,4.09,4.09,4.05,4.05,4.05,285489
12/12/2019,4.08,4.08,4.08,4.08,4.08,46406
13/12/2019,4.09,4.09,4.04,4.04,4.04,118959
16/12/2019,4.05,4.09,4.05,4.07,4.07,109301
17/12/2019,4.07,4.08,4.05,4.05,4.05,303088
18/12/2019,4.06,4.08,4.06,4.06,4.06,23978
19/12/2019,4.05,4.06,4.03,4.03,4.03,179467
20/12/2019,4.03,4.03,4.03,4.03,4.03,301973
23/12/2019,4.05,4.05,4.01,4.01,4.01,74997
24/12/2019,4.05,4.05,4.01,4.02,4.02,330421
25/12/2019,4.02,4.02,4.02,4.02,4.02,0
27/12/2019,4.05,4.05,4.02,4.02,4.02,25088
30/12/2019,4.02,4.02,4.01,4.01,4.01,68409
31/12/2019,4.02,4.02,4.02,4.02,4.02,2030
03/01/2020,4.04,4.05,4.04,4.05,4.05,68989
06/01/2020,4.04,4.04,4.01,4.02,4.02,327448
07/01/2020,4.05,4.05,4.04,4.04,4.04,1734
08/01/2020,4.05,4.05,4.04,4.05,4.05,97969
09/01/2020,4.05,4.05,4.05,4.05,4.05,22973
10/01/2020,4.05,4.05,4.04,4.05,4.05,20431
13/01/2020,4.05,4.05,4.04,4.04,4.04,43939
14/01/2020,4.05,4.05,4.04,4.04,4.04,9526
15/01/2020,4.04,4.04,4.03,4.03,4.03,110223
16/01/2020,4.05,4.05,4.04,4.05,4.05,36632
17/01/2020,4.05,4.05,4.05,4.05,4.05,103374
20/01/2020,4.04,4.04,4.03,4.03,4.03,159783
21/01/2020,4.04,4.05,4.03,4.03,4.03,22889
22/01/2020,4.05,4.05,4.03,4.03,4.03,173819
23/01/2020,4.03,4.03,4.03,4.03,4.03,84857
24/01/2020,4.02,4.03,4.02,4.02,4.02,30436
27/01/2020,4.02,4.03,4.02,4.03,4.03,48400
28/01/2020,4.03,4.03,4.01,4.01,4.01,151925
29/01/2020,4.03,4.03,4.01,4.01,4.01,176477
30/01/2020,4.01,4.01,4,4,4,244703
31/01/2020,4.01,4.01,4,4.01,4.01,153692
03/02/2020,4.01,4.02,3.95,3.95,3.95,213642
04/02/2020,3.95,3.95,3.92,3.92,3.92,63381
05/02/2020,3.96,3.98,3.9,3.9,3.9,82873
07/02/2020,3.9,3.9,3.85,3.86,3.86,139553
10/02/2020,3.85,3.87,3.85,3.86,3.86,193327
11/02/2020,3.86,3.9,3.86,3.87,3.87,432300
